{"k_values": [0.002, 0.006061224489795919, 0.010122448979591837, 0.014183673469387757, 0.018244897959183673, 0.022306122448979594, 0.026367346938775515, 0.03042857142857143, 0.03448979591836735, 0.03855102040816327, 0.04261224489795919, 0.04667346938775511, 0.05073469387755103, 0.054795918367346944, 0.058857142857142865, 0.06291836734693877, 0.0669795918367347, 0.07104081632653061, 0.07510204081632654, 0.07916326530612246, 0.08322448979591837, 0.0872857142857143, 0.09134693877551021, 0.09540816326530613, 0.09946938775510206, 0.10353061224489797, 0.10759183673469389, 0.1116530612244898, 0.11571428571428573, 0.11977551020408164, 0.12383673469387756, 0.12789795918367347, 0.1319591836734694, 0.13602040816326533, 0.14008163265306123, 0.14414285714285716, 0.14820408163265308, 0.15226530612244898, 0.1563265306122449, 0.16038775510204084, 0.16444897959183674, 0.16851020408163267, 0.1725714285714286, 0.1766326530612245, 0.18069387755102043, 0.18475510204081635, 0.18881632653061226, 0.19287755102040818, 0.1969387755102041, 0.201], "theta_values": [[0.4994977361531259, 0.004008037559880272, 2.698986159161322e-09, -1.014824175937038e-12], [0.4984636374723483, 0.01219698441916501, 7.700935434788205e-08, -8.82309509840843e-11], [0.49740990351222325, 0.020454819046012634, 3.6782994858430525e-07, -7.07637997259536e-10], [0.49633575851633116, 0.02878361430054258, 1.0381666122453163e-06, -2.813838354594273e-09], [0.49524037896380424, 0.03718555277953438, 2.2679071717636614e-06, -7.950201441157536e-09], [0.4941228895224107, 0.04566293521929568, 4.255690154097039e-06, -1.8339048810510202e-08], [0.49298235855938816, 0.054218189747535644, 7.221015276333361e-06, -3.698474222840554e-08], [0.4918177931471506, 0.06285388209185389, 1.1406632756788442e-05, -6.779179323779664e-08], [0.49062813349374196, 0.07157272686910439, 1.7081255237697884e-05, -1.1570053015144081e-07], [0.48941224671398287, 0.08037760009961974, 2.4542644214699174e-05, -1.8684332207758486e-07], [0.48816891984395644, 0.08927155311371081, 3.412113257682271e-05, -2.887248478344564e-07], [0.4868968519840293, 0.09825782804579364, 4.6183656493286655e-05, -4.304303872952523e-07], [0.485594645439156, 0.1073398751448259, 6.113838376953484e-05, -6.228665828153114e-07], [0.48426079569612657, 0.11652137216987679, 7.944004262965344e-05, -8.790396045560821e-07], [0.4828936800658546, 0.12580624618744185, 0.00010159607493523305, -1.2143761707962372e-06], [0.4814915447619657, 0.13519869814578422, 0.00012817376322343574, -1.6470936999566555e-06], [0.48005249016897983, 0.14470323067160495, 0.00015980851180216927, -2.198627091774678e-06], [0.47857445399255827, 0.15432467962028606, 0.0001972135018746265, -2.894121757858292e-06], [0.47705519191773654, 0.16406825001591815, 0.000241190991843673, -3.7630059479974604e-06], [0.4754922553227236, 0.17393955714562215, 0.00029264560046551657, -4.839660644228245e-06], [0.47388296548683373, 0.18394467373060006, 0.00035259999829539117, -6.1642128994120575e-06], [0.4722243836006398, 0.1940901842901609, 0.00042221354865535027, -7.783488852011664e-06], [0.4705132756951904, 0.2043832480562038, 0.000502804594350767, -9.752176015342601e-06], [0.4687460713966813, 0.2148316720930662, 0.0005958772904989758, -1.2134259931816655e-05], [0.4669188150763987, 0.22544399665827702, 0.0007031541575831234, -1.5004816241931776e-05], [0.46502710761095795, 0.23622959532257606, 0.0008266158823570435, -1.845225037265746e-05], [0.46306603631651444, 0.2471987930360071, 0.0009685503632425629, -2.258107670214216e-05], [0.46103009004500056, 0.2583630062248495, 0.0011316135690386136, -2.7515304323973485e-05], [0.45891305528201776, 0.2697349103671081, 0.0013189055180643239, -3.340244239519215e-05], [0.4567078879877811, 0.28132864246703115, 0.0015340655701970996, -4.041805943063926e-05], [0.454406554206843, 0.2931600488254605, 0.0017813924025443027, -4.877078208818833e-05], [0.4519998303876072, 0.3052469927577965, 0.0020659957487174654, -5.870772085788669e-05], [0.4494770514269974, 0.3176097427201013, 0.0023939898280383176, -7.052075897656697e-05], [0.4468257902964031, 0.33027146872996715, 0.0027727433898920547, -8.455512221622894e-05], [0.4440314457028327, 0.34325888452549336, 0.0032112100888347407, -0.00010122315664880531], [0.44107670363440543, 0.356603084964713, 0.003720377108028443, -0.000121027816267197], [0.43794081958832315, 0.3703406454723061, 0.004313892339557724, -0.00014460094056287288], [0.4345986387681621, 0.38451507445472893, 0.0050089644588513765, -0.0001727589740843441], [0.43101922181490027, 0.39917874207718856, 0.005827682028566259, -0.00020656991963750586], [0.4271638549921392, 0.4143954579311077, 0.006798974769822284, -0.00024740683580720934], [0.42298306456478146, 0.4302439940004208, 0.007961552030255434, -0.00029694711241022494], [0.41841198037187705, 0.4468232497956248, 0.009368355809943201, -0.00035712809348825345], [0.4133629565299346, 0.46426069374690077, 0.011093613400657199, -0.00043027816941503075], [0.40771366396604164, 0.4827267568125897, 0.013245015577516488, -0.0005198011534763177], [0.40128801319679785, 0.5024571127911692, 0.01598626448203453, -0.0006311241028819902], [0.3938297978617298, 0.5237770130668369, 0.019578770441806254, -0.0007704140729997313], [0.3849941041274055, 0.54707866289379, 0.024445889425729183, -0.000937201647772675], [0.3744956838542453, 0.5724694524262929, 0.031163874466099247, -0.0011162273473864985], [0.36275253564399945, 0.5982788871446552, 0.040020772324825114, -0.0012187297248870603], [0.3514819858070241, 0.6199566755123092, 0.050312096629984815, -0.0010540170920390385]]}