{
    "omega_model": {
        "a1": 3.5402834570487522,
        "b1": -0.69091264855154,
        "c1": 0.033646089296846954,
        "a2": 2.0250132427426277,
        "b2": -0.21162282000838456,
        "c2": -0.04711956321875086
    },
    "alpha_model": {
        "a1": 8.350146959850766,
        "b1": -2.9861479351268785,
        "c1": 0.001699190439502104,
        "a2": 1.1296020265541802,
        "b2": 4.833970848697528,
        "c2": -1.436870529623911
    },
    "beta_model": {
        "a1": 6.942818647417846,
        "b1": -2.6647168571187856,
        "c1": 0.2848969724088576,
        "d1": 62.728428152058534,
        "e1": 32.28156981540869,
        "f1": -8.496100317806176
    }
}